{
    "Time cost": 196.74382400512695,
    "Energy cost": 0.6955621334115514,
    "Thermal discomfort": 1.5258878332929053
}