{"cost_tot": 0.7323880792191059, "emis_tot": 0.4714168987134182, "ener_tot": 2.822855680918672, "idis_tot": 0.0, "pdih_tot": null, "pele_tot": 0.020922458496657432, "pgas_tot": null, "tdis_tot": 0.0, "time_rat": 3.7795440072105045e-05}