{"cost_tot": 0.7158445199952451, "emis_tot": 0.46139649985378334, "ener_tot": 2.762853292537626, "idis_tot": 0.0, "pdih_tot": null, "pele_tot": 0.02108034001198578, "pgas_tot": null, "tdis_tot": 0.2731289621931893, "time_rat": 0.00011567918337369092}