{"cost_tot": 0.7158571561326692, "emis_tot": 0.4614045484579209, "ener_tot": 2.7629014877719817, "idis_tot": 0.0, "pdih_tot": null, "pele_tot": 0.021080338544809844, "pgas_tot": null, "tdis_tot": 0.2731282309062763, "time_rat": 9.046098246933921e-05}