{
    "mean_errors": [
        0.09222648866908185,
        0.1550316062339205,
        0.1932999307077078,
        0.20848191738676425,
        0.22148804434815833,
        0.25183078663150765,
        0.2774914521322338,
        0.2914014937951177,
        0.29626706216790666,
        0.30395779958074365,
        0.3240376829280081,
        0.34284434403145475,
        0.3568501506618866,
        0.36540760046180165,
        0.37666818013789455,
        0.39633684685208254,
        0.41272249318899723,
        0.4221059049677686,
        0.4231636397075174,
        0.4229499685412805,
        0.4269687235754429,
        0.4331688708239918,
        0.43885625261185984,
        0.44317339602275607
    ],
    "stds": [
        0.08070394646344381,
        0.13551996478959535,
        0.17768505404819004,
        0.21633533731876792,
        0.24616707035282992,
        0.2657278311815395,
        0.27896883070372747,
        0.28682604900968306,
        0.2921103079722803,
        0.2955973672270362,
        0.30038233858592006,
        0.30727242408336797,
        0.31255152574857753,
        0.317546400929788,
        0.32077792397943156,
        0.3248091007396151,
        0.3302549688344473,
        0.3334171718215731,
        0.33591842387828147,
        0.3358822921765964,
        0.33701914820646295,
        0.3363804914441224,
        0.3344455820873538,
        0.3351072506168323
    ]
}