{
    "RMSE": 0.12260275334119797,
    "CV-RMSE": 0.551000377163291,
    "MAE": 0.09227617084980011,
    "MAPE": 0.4102919716387987
}