{"cost_tot": 0.7079540934123092, "emis_tot": 0.45605398586844087, "ener_tot": 2.7308621908289874, "idis_tot": 0.0, "pdih_tot": null, "pele_tot": 0.02103533866574574, "pgas_tot": null, "tdis_tot": 0.34807620310630044, "time_rat": 3.9919908281671935e-05}