{
    "Time cost": 83.80589270591736,
    "Energy cost": 0.4305238618579597,
    "Thermal discomfort": 693.2596882627835
}