{
    "Time cost": 33.01879572868347,
    "Energy cost": 0.41253734329232083,
    "Thermal discomfort": 9.445893160232401
}