{
    "Time cost": 45.9933500289917,
    "Energy cost": 0.7911506682515013,
    "Thermal discomfort": 0
}