{
    "Time cost": 36.73943543434143,
    "Energy cost": 0.908686190758176,
    "Thermal discomfort": 8.381692942513077
}