{
    "Time cost": 47.06886553764343,
    "Energy cost": 0.3645605368314344,
    "Thermal discomfort": 5.370473938129326
}