{
    "Time cost": 79.87990307807922,
    "Energy cost": 0.22918785819760773,
    "Thermal discomfort": 190.04057539288817
}