{"cost_tot": 0.7319416362751066, "emis_tot": 0.47117476680883696, "ener_tot": 2.8214057892744724, "idis_tot": 0.0, "pdih_tot": null, "pele_tot": 0.02114046263467346, "pgas_tot": null, "tdis_tot": 0.02599726649615898, "time_rat": 4.058630594973841e-05}