{"cost_tot": 0.7233895798731832, "emis_tot": 0.46594597115953823, "ener_tot": 2.790095635685858, "idis_tot": 0.0, "pdih_tot": null, "pele_tot": 0.021100167921342367, "pgas_tot": null, "tdis_tot": 0.1520375475162396, "time_rat": 3.94418411863544e-05}