{"cost_tot": 0.7037259223598428, "emis_tot": 0.45303663793592597, "ener_tot": 2.712794239137284, "idis_tot": 0.0, "pdih_tot": null, "pele_tot": 0.02102359571005387, "pgas_tot": null, "tdis_tot": 1.1305489503924875, "time_rat": 3.873157142489044e-05}