{"cost_tot": 0.7298000940311525, "emis_tot": 0.47005393590786515, "ener_tot": 2.8146942269932036, "idis_tot": 0.0, "pdih_tot": null, "pele_tot": 0.021153760036279227, "pgas_tot": null, "tdis_tot": 0.03212949336703446, "time_rat": 4.049482109843108e-05}