{"cost_tot": 0.7421355005135448, "emis_tot": 0.4780151114288673, "ener_tot": 2.862365936699805, "idis_tot": 0.0, "pdih_tot": null, "pele_tot": 0.021167531966994533, "pgas_tot": null, "tdis_tot": 0.0, "time_rat": 3.8179367504737994e-05}