{"cost_tot": 0.7174476833938658, "emis_tot": 0.4621348900214208, "ener_tot": 2.7672747905474284, "idis_tot": 0.0, "pdih_tot": null, "pele_tot": 0.02112609713392234, "pgas_tot": null, "tdis_tot": 0.09938667212001492, "time_rat": 4.043835594698235e-05}