{"cost_tot": 0.693686062162997, "emis_tot": 0.4464549161950401, "ener_tot": 2.673382731706829, "idis_tot": 0.0, "pdih_tot": null, "pele_tot": 0.020977223439085004, "pgas_tot": null, "tdis_tot": 3.364717465115057, "time_rat": 3.8403814668377874e-05}