{"cost_tot": 0.6773150599633043, "emis_tot": 0.436120762398954, "ener_tot": 2.6115015712512233, "idis_tot": 0.0, "pdih_tot": null, "pele_tot": 0.020996529797213514, "pgas_tot": null, "tdis_tot": 9.602334302690032, "time_rat": 2.5163690644512527e-05}