{"cost_tot": 0.6979929334053866, "emis_tot": 0.44946870132362376, "ener_tot": 2.6914293492432577, "idis_tot": 0.0, "pdih_tot": null, "pele_tot": 0.02100951441335965, "pgas_tot": null, "tdis_tot": 0.4750232775024685, "time_rat": 4.035199839602072e-05}