{"cost_tot": 0.8485905687715498, "emis_tot": 0.5426600757814148, "ener_tot": 3.249461531625243, "idis_tot": 0.0, "pdih_tot": null, "pele_tot": 0.02082560998666588, "pgas_tot": null, "tdis_tot": 0.0, "time_rat": 4.009741284544506e-05}