{"cost_tot": 0.8475317516880796, "emis_tot": 0.542592890323462, "ener_tot": 3.2490592234937856, "idis_tot": 0.0, "pdih_tot": null, "pele_tot": 0.020949219027126115, "pgas_tot": null, "tdis_tot": 0.6088982321601654, "time_rat": 4.083074491333078e-05}