{"cost_tot": 0.8515318384132848, "emis_tot": 0.5440056715836695, "ener_tot": 3.2575189915189835, "idis_tot": 0.0, "pdih_tot": null, "pele_tot": 0.02085457056507502, "pgas_tot": null, "tdis_tot": 0.0, "time_rat": 3.978234257489916e-05}