{"cost_tot": 0.8557005598676708, "emis_tot": 0.5472212582839856, "ener_tot": 3.2767740017005167, "idis_tot": 0.0, "pdih_tot": null, "pele_tot": 0.020895371157133687, "pgas_tot": null, "tdis_tot": 0.5384713112968043, "time_rat": 3.877301715196125e-05}