{"cost_tot": 0.8611663134243732, "emis_tot": 0.5501117885833174, "ener_tot": 3.294082566367176, "idis_tot": 0.0, "pdih_tot": null, "pele_tot": 0.02102687499326772, "pgas_tot": null, "tdis_tot": 0.6120057390843097, "time_rat": 3.9052623250181714e-05}