{"cost_tot": 0.8570902995313741, "emis_tot": 0.5481134667337921, "ener_tot": 3.282116567268215, "idis_tot": 0.0, "pdih_tot": null, "pele_tot": 0.020672296286675967, "pgas_tot": null, "tdis_tot": 0.4133123488799763, "time_rat": 3.9181599501894894e-05}