{"cost_tot": 0.8222203454561581, "emis_tot": 0.5258691690136118, "ener_tot": 3.1489171797222277, "idis_tot": 0.0, "pdih_tot": null, "pele_tot": 0.020769234575051053, "pgas_tot": null, "tdis_tot": 0.0, "time_rat": 6.466486427203689e-05}