{"cost_tot": 0.8529419323174867, "emis_tot": 0.5457360179181648, "ener_tot": 3.267880346815364, "idis_tot": 0.0, "pdih_tot": null, "pele_tot": 0.020800262577004493, "pgas_tot": null, "tdis_tot": 0.43025458095667185, "time_rat": 3.88641075955497e-05}