{"cost_tot": 0.8589543787227233, "emis_tot": 0.548375601893683, "ener_tot": 3.283686238884332, "idis_tot": 0.0, "pdih_tot": null, "pele_tot": 0.020585445612290646, "pgas_tot": null, "tdis_tot": 0.3530505098508868, "time_rat": 3.961548288032492e-05}