{"cost_tot": 0.8587176849402989, "emis_tot": 0.5490638850184777, "ener_tot": 3.2878076947214296, "idis_tot": 0.0, "pdih_tot": null, "pele_tot": 0.020966080700306484, "pgas_tot": null, "tdis_tot": 0.0, "time_rat": 3.986916903938566e-05}