{"cost_tot": 0.6518798115471501, "emis_tot": 0.41565657975270326, "ener_tot": 2.488961555405409, "idis_tot": 0.0, "pdih_tot": null, "pele_tot": 0.02041314366930452, "pgas_tot": null, "tdis_tot": 175.66560519823165, "time_rat": 4.9576605399134294e-05}