{"cost_tot": 0.8405399404910964, "emis_tot": 0.5371740429137072, "ener_tot": 3.2166110354114243, "idis_tot": 0.0, "pdih_tot": null, "pele_tot": 0.020771579053126547, "pgas_tot": null, "tdis_tot": 0.0, "time_rat": 5.193646484739566e-05}