{"cost_tot": 0.8566464918158272, "emis_tot": 0.5474721808090683, "ener_tot": 3.2782765317908322, "idis_tot": 0.0, "pdih_tot": null, "pele_tot": 0.020896981701283047, "pgas_tot": null, "tdis_tot": 0.5738208454570095, "time_rat": 4.063258075682575e-05}