{"cost_tot": 0.8621929695146842, "emis_tot": 0.5509770816871076, "ener_tot": 3.299263962198251, "idis_tot": 0.0, "pdih_tot": null, "pele_tot": 0.020822944659367213, "pgas_tot": null, "tdis_tot": 0.5648150067108034, "time_rat": 3.89818155339786e-05}