{"cost_tot": 0.8626514140257664, "emis_tot": 0.5509331224065469, "ener_tot": 3.29900073297334, "idis_tot": 0.0, "pdih_tot": null, "pele_tot": 0.020917990375462582, "pgas_tot": null, "tdis_tot": 0.6133838570854712, "time_rat": 3.627793952113106e-05}