{"cost_tot": 0.65612304890606, "emis_tot": 0.4280513980554337, "ener_tot": 2.5631820242840333, "idis_tot": 0.0, "pdih_tot": null, "pele_tot": 0.021332206059062865, "pgas_tot": null, "tdis_tot": 27.74740442139116, "time_rat": 0.0028294780294573496}