{"cost_tot": 0.6793825109311835, "emis_tot": 0.4404227782971355, "ener_tot": 2.637262145491831, "idis_tot": 0.0, "pdih_tot": null, "pele_tot": 0.021367640725004487, "pgas_tot": null, "tdis_tot": 11.075463074037385, "time_rat": 3.743269160468743e-05}