{
    "Step": [
        1,
        2,
        3,
        4,
        5,
        6,
        7,
        8,
        9,
        10,
        11,
        12,
        13,
        14,
        15,
        16,
        17,
        18,
        19,
        20,
        21,
        22,
        23,
        24
    ],
    "MAE": [
        0.12178205302945606,
        0.18810797259474452,
        0.21731579723795458,
        0.22509959063847,
        0.23554347812200557,
        0.26085226617215757,
        0.2803592576851713,
        0.2869548255234947,
        0.28431773245722286,
        0.2818187473826161,
        0.2871318207404164,
        0.2931005681021711,
        0.29356175558603403,
        0.28982330434120285,
        0.28637755705508516,
        0.28900657559740545,
        0.29084912766626037,
        0.288028231565622,
        0.28155811554308463,
        0.2752026767897008,
        0.2739157204145843,
        0.27513487399688363,
        0.27524842659626625,
        0.2751790445310054
    ],
    "STD": [
        0.15665940500450684,
        0.24895298778646222,
        0.3002505738730772,
        0.3283043395149396,
        0.35027787100802676,
        0.37678509302272384,
        0.39441318563073385,
        0.3981756499090186,
        0.3928470160728021,
        0.38868742378780735,
        0.39303744575216343,
        0.39765158409318485,
        0.3966883706609903,
        0.39134221235486355,
        0.3869644275970752,
        0.3883285999157478,
        0.3889007238283459,
        0.384999745942801,
        0.37732563708220035,
        0.3700515553213414,
        0.3676937771646745,
        0.3669042743780423,
        0.3653613298357986,
        0.36461843423658374
    ]
}