{"cost_tot": 0.6642947103790591, "emis_tot": 0.43078637553306753, "ener_tot": 2.5795591349285463, "idis_tot": 0.0, "pdih_tot": null, "pele_tot": 0.0212998929768335, "pgas_tot": null, "tdis_tot": 14.947862317647429, "time_rat": 3.653805091898278e-05}