{"cost_tot": 0.7316259326571329, "emis_tot": 0.4708229156449064, "ener_tot": 2.8192988960772856, "idis_tot": 0.0, "pdih_tot": null, "pele_tot": 0.020922458496657432, "pgas_tot": null, "tdis_tot": 0.0, "time_rat": 3.751867465556614e-05}