{"cost_tot": 0.7128255560277126, "emis_tot": 0.45873358927325164, "ener_tot": 2.74690772019911, "idis_tot": 0.0, "pdih_tot": null, "pele_tot": 0.02107484484663309, "pgas_tot": null, "tdis_tot": 0.0, "time_rat": 2.1037919811470797e-05}