{"cost_tot": 0.6915798270449522, "emis_tot": 0.4468059689591581, "ener_tot": 2.6754848440668155, "idis_tot": 0.0, "pdih_tot": null, "pele_tot": 0.021404901678318836, "pgas_tot": null, "tdis_tot": 7.122915733922018, "time_rat": 3.727247219079387e-05}