{"cost_tot": 0.6807990500370759, "emis_tot": 0.4405810520963604, "ener_tot": 2.6382098927925766, "idis_tot": 0.0, "pdih_tot": null, "pele_tot": 0.021404901678318836, "pgas_tot": null, "tdis_tot": 6.391513704296559, "time_rat": 3.6469937632323576e-05}