{"cost_tot": 0.7177149320431373, "emis_tot": 0.46252113796839256, "ener_tot": 2.7695876525053458, "idis_tot": 0.0, "pdih_tot": null, "pele_tot": 0.021080335586689952, "pgas_tot": null, "tdis_tot": 0.2727196736802251, "time_rat": 3.785107619863339e-05}