{"cost_tot": 1.573162487156589e-05, "emis_tot": 1.0567905686047884e-05, "ener_tot": 6.328087237154422e-05, "idis_tot": 0.0, "pdih_tot": null, "pele_tot": 0.0005062465739750946, "pgas_tot": null, "tdis_tot": 2690.160196600653, "time_rat": 3.637346246885875e-05}