{"cost_tot": 0.7177619020659105, "emis_tot": 0.4625512251248674, "ener_tot": 2.7697678151189677, "idis_tot": 0.0, "pdih_tot": null, "pele_tot": 0.021080335586689952, "pgas_tot": null, "tdis_tot": 0.2731776210638145, "time_rat": 3.814473708786032e-05}