{"cost_tot": 0.7051876649163943, "emis_tot": 0.45422003257831606, "ener_tot": 2.7198804346006917, "idis_tot": 0.0, "pdih_tot": null, "pele_tot": 0.02107484484663309, "pgas_tot": null, "tdis_tot": 0.0, "time_rat": 2.1166022492464258e-05}