{"cost_tot": 0.40102883428568853, "emis_tot": 0.2661777917120025, "ener_tot": 1.5938789922874406, "idis_tot": 0.0, "pdih_tot": null, "pele_tot": 0.02168083364773411, "pgas_tot": null, "tdis_tot": 567.3169080175635, "time_rat": 3.608756654319309e-05}