{"cost_tot": 0.7159446612607439, "emis_tot": 0.4613038122308538, "ener_tot": 2.7622982768314563, "idis_tot": 0.0, "pdih_tot": null, "pele_tot": 0.021042379177044355, "pgas_tot": null, "tdis_tot": 0.0, "time_rat": 2.1111000940282508e-05}