{"cost_tot": 0.6198911590318249, "emis_tot": 0.40431652198386536, "ener_tot": 2.421057017867455, "idis_tot": 0.0, "pdih_tot": null, "pele_tot": 0.02147970114135588, "pgas_tot": null, "tdis_tot": 45.10868794243767, "time_rat": 3.657743433322856e-05}