{"cost_tot": 0.7160037876840251, "emis_tot": 0.46123294578582275, "ener_tot": 2.761873926861213, "idis_tot": 0.0, "pdih_tot": null, "pele_tot": 0.021074835466699724, "pgas_tot": null, "tdis_tot": 0.0, "time_rat": 3.789999300525302e-05}