{"cost_tot": 0.672649680604988, "emis_tot": 0.4362538694425217, "ener_tot": 2.612298619416296, "idis_tot": 0.0, "pdih_tot": null, "pele_tot": 0.0212998929768335, "pgas_tot": null, "tdis_tot": 14.565576591840713, "time_rat": 3.7248766335545395e-05}