{
    "Rwin": 0.005986284311011374,
    "Rea": 0.0007280493731911374,
    "Rie": 0.0028784545837657956,
    "Ci": 62555622.130942725,
    "Ce": 915767434452.735,
    "Ai": 18.367631716588278,
    "Ae": 666.5317007403911,
    "K": 0.123442528777993
}