{
    "Step": [
        1,
        2,
        3,
        4,
        5,
        6,
        7,
        8,
        9,
        10,
        11,
        12,
        13,
        14,
        15,
        16,
        17,
        18,
        19,
        20,
        21,
        22,
        23,
        24
    ],
    "MAE": [
        0.13528182647319217,
        0.23018900621825986,
        0.28039602757687176,
        0.3135005655514854,
        0.35427291433963076,
        0.4037598777512822,
        0.44397278954699015,
        0.46389006245831166,
        0.4703513672228402,
        0.4763439581510397,
        0.4933216411000051,
        0.5077549085634077,
        0.509868972231754,
        0.5063269721728726,
        0.5062627304498288,
        0.5172324383255427,
        0.5218415516851297,
        0.5154886975416515,
        0.5038229882499589,
        0.49407926861533125,
        0.49399099234895344,
        0.4979552050346244,
        0.5000310124880663,
        0.5050100072079062
    ],
    "STD": [
        0.1797869386973766,
        0.3059420578318937,
        0.39250169951224595,
        0.45174893233351365,
        0.5005897952938031,
        0.5506607833838872,
        0.5837747575628024,
        0.5940634593653473,
        0.5892057257499254,
        0.5857510760269684,
        0.5957367592408269,
        0.6051462035685513,
        0.6047656137344113,
        0.5979152966296699,
        0.5955362729145289,
        0.6034691746689649,
        0.6042577981833245,
        0.588212478435891,
        0.5568252581620112,
        0.5227538980187447,
        0.4997040796320257,
        0.47890232499987107,
        0.459162783845494,
        0.4532846975818125
    ]
}