{
    "Step": [
        1,
        2,
        3,
        4,
        5,
        6,
        7,
        8,
        9,
        10,
        11,
        12,
        13,
        14,
        15,
        16,
        17,
        18,
        19,
        20,
        21,
        22,
        23,
        24
    ],
    "MAE": [
        0.09031612750949644,
        0.15586950663186896,
        0.2037738692582077,
        0.23814186841314486,
        0.26237206875180835,
        0.27808410231761177,
        0.2905031569574253,
        0.3025864952982171,
        0.31867981310042753,
        0.3359051115670076,
        0.35127802508465417,
        0.36462233171068714,
        0.37829263764287335,
        0.3935579594770647,
        0.40964167804278057,
        0.4245158040622531,
        0.43937138563954775,
        0.4517274437775062,
        0.4612310673470926,
        0.46915753144278677,
        0.4751701623999552,
        0.4807011282132612,
        0.4855703490311898,
        0.49341557703559713
    ],
    "STD": [
        0.12907025765673408,
        0.2137057767706276,
        0.2734630069416713,
        0.31454671365015635,
        0.34383962384729194,
        0.365919406939744,
        0.3847382078070569,
        0.40276320917838687,
        0.42159763936952827,
        0.4409549043527171,
        0.4599135620744723,
        0.47720801054562234,
        0.4940469756289325,
        0.5111550408315964,
        0.5300185693997441,
        0.5511910768010141,
        0.5726252137179115,
        0.5909608009560934,
        0.6048279771437453,
        0.6146478329075872,
        0.6220186978472215,
        0.6287940035487742,
        0.6369717556398347,
        0.6496162851741141
    ]
}