{"cost_tot": 0.6065038079885755, "emis_tot": 0.39487608828099935, "ener_tot": 2.3645274747365232, "idis_tot": 0.0, "pdih_tot": null, "pele_tot": 0.021527032858551155, "pgas_tot": null, "tdis_tot": 61.27578705620414, "time_rat": 3.608494070629594e-05}