{"cost_tot": 0.7090896660577486, "emis_tot": 0.4569728989916262, "ener_tot": 2.7363646646205173, "idis_tot": 0.0, "pdih_tot": null, "pele_tot": 0.021080335586689952, "pgas_tot": null, "tdis_tot": 0.5394282289904543, "time_rat": 3.805973483298821e-05}