{
    "Rwin": 0.005466078440446469,
    "Rea": 0.00036884703524752354,
    "Rie": 0.002112863396524398,
    "Ci": 58241314.01729207,
    "Ce": 373116102124.85986,
    "Ai": 19.784905503524868,
    "Ae": 891.596593155124,
    "K": 0.4001693305329353
}