{
    "Step": [
        1,
        2,
        3,
        4,
        5,
        6,
        7,
        8,
        9,
        10,
        11,
        12,
        13,
        14,
        15,
        16,
        17,
        18,
        19,
        20,
        21,
        22,
        23,
        24
    ],
    "MAE": [
        0.10087103711944823,
        0.18786241446180524,
        0.2593118141745573,
        0.31373488932936294,
        0.3556889154995911,
        0.38465669940099106,
        0.4039546903406617,
        0.4152226349863452,
        0.4228304532608835,
        0.4290820344849014,
        0.43551010302089627,
        0.4398350736599322,
        0.4412387271372665,
        0.4404451793430839,
        0.43892534391602056,
        0.4368548926761397,
        0.43512060175352085,
        0.4297172229423451,
        0.4191303925871365,
        0.40227178127687,
        0.384794757896121,
        0.3704817819424121,
        0.36373938008226914,
        0.3709301173745847
    ],
    "STD": [
        0.15229507392963346,
        0.27509237964123145,
        0.37471170740824844,
        0.45147507316683466,
        0.506533879418792,
        0.5421798468080566,
        0.5619944300385252,
        0.5709791706593955,
        0.5743298179679244,
        0.5757930493505746,
        0.576884954681649,
        0.578179104929033,
        0.5792435431364729,
        0.5813804018820481,
        0.5855403486916422,
        0.5902041562500526,
        0.592376423667098,
        0.588348917368791,
        0.5755113171670222,
        0.5536634479723731,
        0.5259620367598835,
        0.49871786677196983,
        0.48137040618599214,
        0.4830720745538268
    ]
}