{
    "RMSE": 0.27837848291907247,
    "CV-RMSE": 1.2511210498220067,
    "MAE": 0.20341046219643188,
    "MAPE": 0.9040296804955025
}