{"Rie": 9.754103e-05, "Rea": 3.404517e-03, "Rwin": 2.122519e-03, "Ci": 1.097712e+08, "Ce": 4.736527e+11, "Ai": 7.076894e+01, "Ae":1.865195e+02,"a": 3.095382e+01}