{"cost_tot": 0.8206541485989628, "emis_tot": 0.5246167716302417, "ener_tot": 3.14141779419307, "idis_tot": 0.0, "pdih_tot": null, "pele_tot": 0.02087151755451769, "pgas_tot": null, "tdis_tot": 0.0, "time_rat": 5.614588184962196e-05}