{"cost_tot": 0.8297134683602664, "emis_tot": 0.5309083102167816, "ener_tot": 3.1790916779448, "idis_tot": 0.0, "pdih_tot": null, "pele_tot": 0.020865056514690134, "pgas_tot": null, "tdis_tot": 0.20036371172769804, "time_rat": 7.048652640410832e-05}