{"cost_tot": 0.7693435938171177, "emis_tot": 0.49145316778127224, "ener_tot": 2.9428333400076214, "idis_tot": 0.0, "pdih_tot": null, "pele_tot": 0.02018683841718332, "pgas_tot": null, "tdis_tot": 0.18688873028515238, "time_rat": 5.1216560381430155e-05}