{"cost_tot": 0.8301216357906557, "emis_tot": 0.530643168569198, "ener_tot": 3.1775040034083744, "idis_tot": 0.0, "pdih_tot": null, "pele_tot": 0.020803649176053346, "pgas_tot": null, "tdis_tot": 0.0, "time_rat": 6.091752932185219e-05}