{"cost_tot": 0.793269702943922, "emis_tot": 0.5067025688603192, "ener_tot": 3.0341471189240714, "idis_tot": 0.0, "pdih_tot": null, "pele_tot": 0.020724581388053748, "pgas_tot": null, "tdis_tot": 0.0, "time_rat": 6.28071570049518e-05}