{"cost_tot": 0.8183250567264903, "emis_tot": 0.5229125497591597, "ener_tot": 3.131212872809342, "idis_tot": 0.0, "pdih_tot": null, "pele_tot": 0.02070746622569272, "pgas_tot": null, "tdis_tot": 0.0, "time_rat": 6.186150586005873e-05}