{"cost_tot": 0.8174683240202721, "emis_tot": 0.5212976426779096, "ener_tot": 3.1215427705264087, "idis_tot": 0.0, "pdih_tot": null, "pele_tot": 0.02078568552868074, "pgas_tot": null, "tdis_tot": 0.0, "time_rat": 6.053840968186264e-05}