{"cost_tot": 0.8615742644165811, "emis_tot": 0.5508332762578925, "ener_tot": 3.29840285184367, "idis_tot": 0.0, "pdih_tot": null, "pele_tot": 0.02080746403713489, "pgas_tot": null, "tdis_tot": 0.932146705388395, "time_rat": 3.535104629696992e-05}