{"cost_tot": 0.845159344693918, "emis_tot": 0.5411558777253175, "ener_tot": 3.240454357636636, "idis_tot": 0.0, "pdih_tot": null, "pele_tot": 0.020863190442639852, "pgas_tot": null, "tdis_tot": 0.21778858523302158, "time_rat": 6.610766841620995e-05}