{"cost_tot": 0.8480746208663273, "emis_tot": 0.5419952046206863, "ener_tot": 3.24548026718974, "idis_tot": 0.0, "pdih_tot": null, "pele_tot": 0.02086786722325629, "pgas_tot": null, "tdis_tot": 0.0, "time_rat": 5.5453067339917346e-05}