{"cost_tot": 0.8333931630987975, "emis_tot": 0.5326455673831131, "ener_tot": 3.189494415467745, "idis_tot": 0.0, "pdih_tot": null, "pele_tot": 0.02044466189755472, "pgas_tot": null, "tdis_tot": 0.0, "time_rat": 6.336806273018874e-05}