{"cost_tot": 0.8628361277066191, "emis_tot": 0.5514463868532614, "ener_tot": 3.302074172774023, "idis_tot": 0.0, "pdih_tot": null, "pele_tot": 0.0208927507686153, "pgas_tot": null, "tdis_tot": 0.0012687335329346183, "time_rat": 4.042183497437724e-05}