{"cost_tot": 0.8486706009397269, "emis_tot": 0.5423703974036079, "ener_tot": 3.2477269305605323, "idis_tot": 0.0, "pdih_tot": null, "pele_tot": 0.020868099052608467, "pgas_tot": null, "tdis_tot": 0.31794701540494497, "time_rat": 4.2117491522163306e-05}