{"cost_tot": 0.8418800273400086, "emis_tot": 0.5383612256721704, "ener_tot": 3.2237199142046156, "idis_tot": 0.0, "pdih_tot": null, "pele_tot": 0.02077851652243947, "pgas_tot": null, "tdis_tot": 0.0, "time_rat": 6.170988102596273e-05}