{"cost_tot": 0.8347483879445249, "emis_tot": 0.5336810838228395, "ener_tot": 3.195695112711613, "idis_tot": 0.0, "pdih_tot": null, "pele_tot": 0.020839883144027415, "pgas_tot": null, "tdis_tot": 0.0, "time_rat": 5.850909957810053e-05}