{"cost_tot": 0.8596142929749877, "emis_tot": 0.5497396300574351, "ener_tot": 3.2918540722002136, "idis_tot": 0.0, "pdih_tot": null, "pele_tot": 0.020821140831146823, "pgas_tot": null, "tdis_tot": 0.4409217770192414, "time_rat": 3.948219593555208e-05}