{"cost_tot": 0.8429271969643026, "emis_tot": 0.5392444467854731, "ener_tot": 3.2290086633860713, "idis_tot": 0.0, "pdih_tot": null, "pele_tot": 0.020961909060443606, "pgas_tot": null, "tdis_tot": 0.0, "time_rat": 4.127801982340989e-05}