{"cost_tot": 0.8429457927978274, "emis_tot": 0.5390298742320109, "ener_tot": 3.227723797796477, "idis_tot": 0.0, "pdih_tot": null, "pele_tot": 0.020852709779724497, "pgas_tot": null, "tdis_tot": 0.1756674860638403, "time_rat": 6.870553685874535e-05}