{"cost_tot": 0.8449815809310577, "emis_tot": 0.5407429452135541, "ener_tot": 3.237981707865594, "idis_tot": 0.0, "pdih_tot": null, "pele_tot": 0.020808244606014107, "pgas_tot": null, "tdis_tot": 0.35035017787707595, "time_rat": 4.080232291940659e-05}