{"cost_tot": 0.8463001306420267, "emis_tot": 0.541333767045046, "ener_tot": 3.241519563143993, "idis_tot": 0.0, "pdih_tot": null, "pele_tot": 0.020880625599623608, "pgas_tot": null, "tdis_tot": 0.0, "time_rat": 4.125239751326344e-05}