{"cost_tot": 0.8584207389144708, "emis_tot": 0.5484193310974874, "ener_tot": 3.2839480904041203, "idis_tot": 0.0, "pdih_tot": null, "pele_tot": 0.020855669881011923, "pgas_tot": null, "tdis_tot": 0.27606827404388434, "time_rat": 6.172557317075275e-05}