{"cost_tot": 0.8697868494191877, "emis_tot": 0.5561144705535921, "ener_tot": 3.330026769781993, "idis_tot": 0.0, "pdih_tot": null, "pele_tot": 0.02027043266757151, "pgas_tot": null, "tdis_tot": 0.6649932919041205, "time_rat": 3.900718692906949e-05}