{
    "mean_errors": [
        0.19519636268582052,
        0.31612912781763,
        0.3809341786490257,
        0.4148395870297325,
        0.4524813324631968,
        0.5040058179771871,
        0.5421878890880079,
        0.5622557245155018,
        0.5750865543152728,
        0.5977354775479554,
        0.6264865209979159,
        0.6448593694137558,
        0.6471640977046798,
        0.6414710833542742,
        0.6357074058796315,
        0.629316909630778,
        0.6142345408540848,
        0.5839538958483975,
        0.5447931353804271,
        0.5130180235916562,
        0.4956838258116985,
        0.47813764520846364,
        0.4601724881059077,
        0.44969551081134546
    ],
    "stds": [
        0.1909842596342435,
        0.3059396699914019,
        0.375488236390921,
        0.41910259716148707,
        0.44448969332817695,
        0.4545713981307281,
        0.46394492498554657,
        0.47347944887005433,
        0.4818109057205832,
        0.48726736093225703,
        0.49307034843659586,
        0.49898615239739325,
        0.50250976246894,
        0.5005735571328482,
        0.5008958375297341,
        0.5042336477823088,
        0.4986371165814361,
        0.48135087836341134,
        0.45483191803993095,
        0.42728306648578007,
        0.4049350945559102,
        0.3931481641230821,
        0.3854128710024382,
        0.38542012995555186
    ]
}