{"cost_tot": 0.7279268010055314, "emis_tot": 0.46857460805108603, "ener_tot": 2.8058359763538103, "idis_tot": 0.0, "pdih_tot": null, "pele_tot": 0.02082043470134643, "pgas_tot": null, "tdis_tot": 0.0, "time_rat": 3.722445122779361e-05}