{"cost_tot": 0.7227417746416114, "emis_tot": 0.46508514816095076, "ener_tot": 2.7849410069517995, "idis_tot": 0.0, "pdih_tot": null, "pele_tot": 0.02092246421386809, "pgas_tot": null, "tdis_tot": 0.0, "time_rat": 2.1039932256653195e-05}