{"cost_tot": 0.7110581185618171, "emis_tot": 0.45796005660621186, "ener_tot": 2.742275788061149, "idis_tot": 0.0, "pdih_tot": null, "pele_tot": 0.02109459062807893, "pgas_tot": null, "tdis_tot": 0.26761554058278986, "time_rat": 3.738904401423439e-05}