{"cost_tot": 0.6976042546464024, "emis_tot": 0.44995995709135356, "ener_tot": 2.6943710005470285, "idis_tot": 0.0, "pdih_tot": null, "pele_tot": 0.021416195198845786, "pgas_tot": null, "tdis_tot": 3.3258198216581625, "time_rat": 3.6885507562488475e-05}