{"cost_tot": 0.6624926541236812, "emis_tot": 0.4298084293034475, "ener_tot": 2.5737031694817207, "idis_tot": 0.0, "pdih_tot": null, "pele_tot": 0.0212998929768335, "pgas_tot": null, "tdis_tot": 16.10255927555674, "time_rat": 3.657717356290767e-05}