{"cost_tot": 0.6938889029045873, "emis_tot": 0.44776829539478846, "ener_tot": 2.6812472778131045, "idis_tot": 0.0, "pdih_tot": null, "pele_tot": 0.021416195198845786, "pgas_tot": null, "tdis_tot": 4.0573157165269675, "time_rat": 3.778701638260847e-05}