{"cost_tot": 0.7285681936826014, "emis_tot": 0.4690600395804487, "ener_tot": 2.8087427519787345, "idis_tot": 0.0, "pdih_tot": null, "pele_tot": 0.02082043470134643, "pgas_tot": null, "tdis_tot": 0.0, "time_rat": 3.486803461792608e-05}