{"cost_tot": 0.7093546356535372, "emis_tot": 0.45671584166361195, "ener_tot": 2.7348253991833045, "idis_tot": 0.0, "pdih_tot": null, "pele_tot": 0.02107484484663309, "pgas_tot": null, "tdis_tot": 0.0, "time_rat": 2.096708390920881e-05}