{"cost_tot": 0.7091165176426396, "emis_tot": 0.4562506897288188, "ener_tot": 2.7320400582564006, "idis_tot": 0.0, "pdih_tot": null, "pele_tot": 0.02107484484663309, "pgas_tot": null, "tdis_tot": 0.0, "time_rat": 2.0945578734710735e-05}