{"cost_tot": 0.634738172689121, "emis_tot": 0.41382182510783194, "ener_tot": 2.4779750006457, "idis_tot": 0.0, "pdih_tot": null, "pele_tot": 0.02149557695878717, "pgas_tot": null, "tdis_tot": 35.05140489296944, "time_rat": 3.6962256821059674e-05}