{"cost_tot": 0.6648476870235971, "emis_tot": 0.43098849382584753, "ener_tot": 2.580769424106872, "idis_tot": 0.0, "pdih_tot": null, "pele_tot": 0.021325296992350373, "pgas_tot": null, "tdis_tot": 12.035777908005729, "time_rat": 3.7673662106196086e-05}