{"cost_tot": 0.7329181831393744, "emis_tot": 0.4716374789554872, "ener_tot": 2.8241765206915415, "idis_tot": 0.0, "pdih_tot": null, "pele_tot": 0.020922458496657432, "pgas_tot": null, "tdis_tot": 0.0, "time_rat": 3.653304227603176e-05}