{"cost_tot": 0.6950021069907457, "emis_tot": 0.4484183642216561, "ener_tot": 2.685139905518899, "idis_tot": 0.0, "pdih_tot": null, "pele_tot": 0.021416195198845786, "pgas_tot": null, "tdis_tot": 4.018105682002026, "time_rat": 3.7628721899141085e-05}