{"cost_tot": 0.6910234008843756, "emis_tot": 0.4454843995804526, "ener_tot": 2.6675712549727706, "idis_tot": 0.0, "pdih_tot": null, "pele_tot": 0.021416195198845786, "pgas_tot": null, "tdis_tot": 3.2304104818949604, "time_rat": 3.684248381033145e-05}