{"cost_tot": 0.7110378582819563, "emis_tot": 0.4577970743502282, "ener_tot": 2.741299846408554, "idis_tot": 0.0, "pdih_tot": null, "pele_tot": 0.02109459062807893, "pgas_tot": null, "tdis_tot": 0.0, "time_rat": 3.7338383614070835e-05}