{"cost_tot": 0.7157136321206425, "emis_tot": 0.46120087783312635, "ener_tot": 2.7616819031923736, "idis_tot": 0.0, "pdih_tot": null, "pele_tot": 0.021080335586689952, "pgas_tot": null, "tdis_tot": 0.37949796523833706, "time_rat": 3.798288741597423e-05}