{"cost_tot": 0.7339888676777648, "emis_tot": 0.47265136572484046, "ener_tot": 2.8302476989511396, "idis_tot": 0.0, "pdih_tot": null, "pele_tot": 0.02092246421386809, "pgas_tot": null, "tdis_tot": 0.0, "time_rat": 2.102635800838471e-05}