{"cost_tot": 0.2880290922837828, "emis_tot": 0.2082665657357954, "ener_tot": 1.247105184046679, "idis_tot": 0.0, "pdih_tot": null, "pele_tot": 0.02131793951069374, "pgas_tot": null, "tdis_tot": 4.9513511129906815, "time_rat": 0.00011942489279641046}