{"cost_tot": 0.7331541028125568, "emis_tot": 0.4674463754806376, "ener_tot": 2.7990800926984267, "idis_tot": 0.0, "pdih_tot": null, "pele_tot": 0.021180193833729245, "pgas_tot": null, "tdis_tot": 0.5904059741176738, "time_rat": 0.00011835005390581}