{"cost_tot": 0.30994156255718813, "emis_tot": 0.22084652052150752, "ener_tot": 1.3224342546198056, "idis_tot": 0.0, "pdih_tot": null, "pele_tot": 0.021451733981717003, "pgas_tot": null, "tdis_tot": 5.703428228222356, "time_rat": 0.00011865289044127893}