{"cost_tot": 0.2934175964981137, "emis_tot": 0.21097681678008579, "ener_tot": 1.2633342322160817, "idis_tot": 0.0, "pdih_tot": null, "pele_tot": 0.02095122309163805, "pgas_tot": null, "tdis_tot": 5.428432812757573, "time_rat": 0.00012020136628832138}