{"cost_tot": 0.710453956607208, "emis_tot": 0.45257385711594794, "ener_tot": 2.7100230965026775, "idis_tot": 0.0, "pdih_tot": null, "pele_tot": 0.02138994026704817, "pgas_tot": null, "tdis_tot": 1.8278228982290428, "time_rat": 0.0001193986523640219}