{"cost_tot": 0.7245796025051131, "emis_tot": 0.46220465828604573, "ener_tot": 2.7676925645871018, "idis_tot": 0.0, "pdih_tot": null, "pele_tot": 0.021000154168589844, "pgas_tot": null, "tdis_tot": 0.6409229415578319, "time_rat": 0.00012263791980566803}