{"cost_tot": 0.727602208040911, "emis_tot": 0.46385184588055284, "ener_tot": 2.777555963356605, "idis_tot": 0.0, "pdih_tot": null, "pele_tot": 0.021130407040261718, "pgas_tot": null, "tdis_tot": 0.4890436238807889, "time_rat": 0.00012514989685129233}