{"cost_tot": 0.29878354050099654, "emis_tot": 0.21435012544743792, "ener_tot": 1.2835336853139991, "idis_tot": 0.0, "pdih_tot": null, "pele_tot": 0.021064141947799923, "pgas_tot": null, "tdis_tot": 5.563304244054107, "time_rat": 0.00011896527002728174}