{"cost_tot": 0.02080038032540471, "emis_tot": 0.013996174631940264, "ener_tot": 0.08380942893377402, "idis_tot": 0.0, "pdih_tot": null, "pele_tot": 0.0169733644420737, "pgas_tot": null, "tdis_tot": 2572.5775591670963, "time_rat": 0.00012061744120228228}