{"cost_tot": 0.7202749846121431, "emis_tot": 0.45969839256437817, "ener_tot": 2.7526849854154376, "idis_tot": 0.0, "pdih_tot": null, "pele_tot": 0.021094074352081472, "pgas_tot": null, "tdis_tot": 2.3527842168281685, "time_rat": 0.00012011860925999898}