{"cost_tot": 0.2995293664315948, "emis_tot": 0.215566153339566, "ener_tot": 1.2908152894584786, "idis_tot": 0.0, "pdih_tot": null, "pele_tot": 0.02218121113458692, "pgas_tot": null, "tdis_tot": 7.235880530226115, "time_rat": 0.00011759605219282168}