{"cost_tot": 0.30448374759176977, "emis_tot": 0.21823856828669014, "ener_tot": 1.3068177741717977, "idis_tot": 0.0, "pdih_tot": null, "pele_tot": 0.020758164040457498, "pgas_tot": null, "tdis_tot": 6.3550041866247655, "time_rat": 0.00011782894551596314}