{"cost_tot": 0.288306781558473, "emis_tot": 0.20827376972131698, "ener_tot": 1.2471483216845318, "idis_tot": 0.0, "pdih_tot": null, "pele_tot": 0.022115800237483, "pgas_tot": null, "tdis_tot": 5.318889016037704, "time_rat": 0.00011889749911254044}