{"cost_tot": 0.7264969741178068, "emis_tot": 0.4635734569863193, "ener_tot": 2.7758889639899342, "idis_tot": 0.0, "pdih_tot": null, "pele_tot": 0.021182939402711147, "pgas_tot": null, "tdis_tot": 0.5968108885782153, "time_rat": 0.00011833983971170648}