{"cost_tot": 0.6638313233803029, "emis_tot": 0.4215874774229282, "ener_tot": 2.524475912712142, "idis_tot": 0.0, "pdih_tot": null, "pele_tot": 0.02130077786115685, "pgas_tot": null, "tdis_tot": 22.180346055439927, "time_rat": 0.00011916952769434641}