{"cost_tot": 0.29602262148384856, "emis_tot": 0.21353329847034616, "ener_tot": 1.2786425058104554, "idis_tot": 0.0, "pdih_tot": null, "pele_tot": 0.021234282630057517, "pgas_tot": null, "tdis_tot": 5.2707933975104115, "time_rat": 0.0001223866641521454}