{"cost_tot": 0.695726636935247, "emis_tot": 0.44233305842278164, "ener_tot": 2.64870094863941, "idis_tot": 0.0, "pdih_tot": null, "pele_tot": 0.021372038546364807, "pgas_tot": null, "tdis_tot": 4.9918948069772915, "time_rat": 0.00012222835330893755}