{"cost_tot": 0.7005998491634116, "emis_tot": 0.4445718009067644, "ener_tot": 2.662106592256073, "idis_tot": 0.0, "pdih_tot": null, "pele_tot": 0.021220471771820078, "pgas_tot": null, "tdis_tot": 8.48637092879565, "time_rat": 0.00012018741951102304}