{"cost_tot": 0.7249477336048654, "emis_tot": 0.4628269946598785, "ener_tot": 2.771419129699872, "idis_tot": 0.0, "pdih_tot": null, "pele_tot": 0.02119360020940136, "pgas_tot": null, "tdis_tot": 1.4137827973310293, "time_rat": 0.00011864212277547393}