{"cost_tot": 0.28801006422595943, "emis_tot": 0.2076011224651915, "ener_tot": 1.2431204938035407, "idis_tot": 0.0, "pdih_tot": null, "pele_tot": 0.021337560746553012, "pgas_tot": null, "tdis_tot": 5.568559849878357, "time_rat": 0.00012137540197246288}