{"cost_tot": 1.5731599131239184e-05, "emis_tot": 1.0567888394677973e-05, "ener_tot": 6.328076883040702e-05, "idis_tot": 0.0, "pdih_tot": null, "pele_tot": 0.0005062457456466597, "pgas_tot": null, "tdis_tot": 2690.259170069407, "time_rat": 0.00011487593184260786}