{"cost_tot": 0.25792103494559293, "emis_tot": 0.18462609794259474, "ener_tot": 1.1055454966622436, "idis_tot": 0.0, "pdih_tot": null, "pele_tot": 0.021182291963703814, "pgas_tot": null, "tdis_tot": 17.57426080196468, "time_rat": 0.000121923089815826}