{"cost_tot": 0.049669890865807136, "emis_tot": 0.035182172172163836, "ener_tot": 0.21067168965367566, "idis_tot": 0.0, "pdih_tot": null, "pele_tot": 0.02044473034060661, "pgas_tot": null, "tdis_tot": 822.920957335202, "time_rat": 0.00011951394359428415}