{"cost_tot": 0.7289773281789093, "emis_tot": 0.46495497803558145, "ener_tot": 2.7841615451232435, "idis_tot": 0.0, "pdih_tot": null, "pele_tot": 0.021226156478313295, "pgas_tot": null, "tdis_tot": 0.7260422781934476, "time_rat": 0.00011843721052168539}