{"cost_tot": 0.2861574764092161, "emis_tot": 0.20624234116681964, "ener_tot": 1.2349840788432314, "idis_tot": 0.0, "pdih_tot": null, "pele_tot": 0.02182160381510923, "pgas_tot": null, "tdis_tot": 6.874233117227243, "time_rat": 0.00012182304645499223}