{"cost_tot": 0.7053968760102248, "emis_tot": 0.4497134813458806, "ener_tot": 2.6928950978795227, "idis_tot": 0.0, "pdih_tot": null, "pele_tot": 0.021223562148431893, "pgas_tot": null, "tdis_tot": 1.1460776071223828, "time_rat": 0.0001217734445103262}