{"cost_tot": 0.6125657911200585, "emis_tot": 0.3873642845308657, "ener_tot": 2.3195466139572787, "idis_tot": 0.0, "pdih_tot": null, "pele_tot": 0.021504881237819875, "pgas_tot": null, "tdis_tot": 75.15578674001405, "time_rat": 0.00012528616383119864}