{"cost_tot": 0.29470383285829327, "emis_tot": 0.2111412407738825, "ener_tot": 1.264318807029236, "idis_tot": 0.0, "pdih_tot": null, "pele_tot": 0.02121096921617107, "pgas_tot": null, "tdis_tot": 5.156558721687724, "time_rat": 0.00011819075536790979}