{"cost_tot": 0.7237308599871088, "emis_tot": 0.46177756390519337, "ener_tot": 2.7651351132047495, "idis_tot": 0.0, "pdih_tot": null, "pele_tot": 0.02124336480858233, "pgas_tot": null, "tdis_tot": 1.3060080562325904, "time_rat": 0.00012094700994788024}