{"cost_tot": 0.7299393329128381, "emis_tot": 0.46462932439545807, "ener_tot": 2.782211523326096, "idis_tot": 0.0, "pdih_tot": null, "pele_tot": 0.02123810976639304, "pgas_tot": null, "tdis_tot": 0.05162448648101569, "time_rat": 0.00012034640918490749}