{"cost_tot": 0.2638581612996488, "emis_tot": 0.18826204842062683, "ener_tot": 1.1273176552133335, "idis_tot": 0.0, "pdih_tot": null, "pele_tot": 0.021466683096956346, "pgas_tot": null, "tdis_tot": 15.772507129611295, "time_rat": 0.00012481646878378732}