{"cost_tot": 0.5166590927711048, "emis_tot": 0.3279854531121091, "ener_tot": 1.9639847491743057, "idis_tot": 0.0, "pdih_tot": null, "pele_tot": 0.021783830720861815, "pgas_tot": null, "tdis_tot": 252.83828921481202, "time_rat": 0.00011927826221657809}