{"cost_tot": 0.7261005588367706, "emis_tot": 0.46274756084111296, "ener_tot": 2.7709434780904965, "idis_tot": 0.0, "pdih_tot": null, "pele_tot": 0.02121360137891544, "pgas_tot": null, "tdis_tot": 0.4759180585358095, "time_rat": 0.00012634209204445443}