{"cost_tot": 0.6880517768537203, "emis_tot": 0.4370515542535574, "ener_tot": 2.6170751751710024, "idis_tot": 0.0, "pdih_tot": null, "pele_tot": 0.021168626560027517, "pgas_tot": null, "tdis_tot": 12.071122496013588, "time_rat": 0.00012066042927837877}