{"cost_tot": 0.2899092111803654, "emis_tot": 0.20892157675932263, "ener_tot": 1.251027405744445, "idis_tot": 0.0, "pdih_tot": null, "pele_tot": 0.021123849693571072, "pgas_tot": null, "tdis_tot": 4.607807404078985, "time_rat": 0.0001244992463203965}