{"cost_tot": 0.27442642022607644, "emis_tot": 0.19752907075100107, "ener_tot": 1.1828088068922213, "idis_tot": 0.0, "pdih_tot": null, "pele_tot": 0.02169269947151456, "pgas_tot": null, "tdis_tot": 7.875744754352677, "time_rat": 0.00011944518951827254}