{"cost_tot": 0.3014962094560915, "emis_tot": 0.21754988221016697, "ener_tot": 1.3026939054501003, "idis_tot": 0.0, "pdih_tot": null, "pele_tot": 0.021181036407440526, "pgas_tot": null, "tdis_tot": 6.415904005844365, "time_rat": 0.00011993004866535701}