{
    "mean_errors": [
        0.09449262787669382,
        0.16017703653223414,
        0.19667765575098067,
        0.20846875939510018,
        0.21873139196697,
        0.25029852772567834,
        0.27767242910123835,
        0.2911186780418439,
        0.29349753270989537,
        0.2992634097183969,
        0.32033262505817645,
        0.33981276905151364,
        0.3531724501879124,
        0.3603468168442755,
        0.37021277116998186,
        0.3903256679847467,
        0.40728179303720585,
        0.4164721149369027,
        0.4165311148743262,
        0.4155656825663835,
        0.4203733280926066,
        0.4270467473159635,
        0.43251052731290135,
        0.4357831857184562
    ],
    "stds": [
        0.08273313342242583,
        0.1343799446111239,
        0.17607921915184538,
        0.21464087152759,
        0.24444821692012106,
        0.2639885426902318,
        0.27660694575710315,
        0.28439862485879064,
        0.29030489946083105,
        0.29402287850155284,
        0.29858025125120385,
        0.30542571304459165,
        0.31068844395541345,
        0.31524676797407053,
        0.31824459566856944,
        0.321993931122836,
        0.3269030223530543,
        0.32931182678911725,
        0.3310756934323566,
        0.3301700386392523,
        0.33032506447802784,
        0.32911970198746865,
        0.32652138057136554,
        0.3267312105519112
    ]
}