{
    "RMSE": 0.12563202933197887,
    "CV-RMSE": 0.5646145209062698,
    "MAE": 0.0945490226149559,
    "MAPE": 0.420632541179657
}