{"cost_tot": 0.3133622285046489, "emis_tot": 0.22548937772209504, "ener_tot": 1.3502357947430845, "idis_tot": 0.0, "pdih_tot": null, "pele_tot": 0.021389397556290848, "pgas_tot": null, "tdis_tot": 6.54505948168168, "time_rat": 3.4913056623683406e-05}