{"cost_tot": 0.3108135982059601, "emis_tot": 0.22324046607190642, "ener_tot": 1.3367692579156083, "idis_tot": 0.0, "pdih_tot": null, "pele_tot": 0.021361080455646386, "pgas_tot": null, "tdis_tot": 6.510595580151833, "time_rat": 0.0009077387752514036}