{"cost_tot": 0.3260022064556304, "emis_tot": 0.23498489398599606, "ener_tot": 1.407095173568839, "idis_tot": 0.0, "pdih_tot": null, "pele_tot": 0.021287559272557533, "pgas_tot": null, "tdis_tot": 6.523202595212699, "time_rat": 3.5380474710590624e-05}