{"cost_tot": 0.6981319254621671, "emis_tot": 0.4513147551206482, "ener_tot": 2.702483563596698, "idis_tot": 0.0, "pdih_tot": null, "pele_tot": 0.021416195198845786, "pgas_tot": null, "tdis_tot": 4.773950631368867, "time_rat": 3.7942751650772396e-05}