{"cost_tot": 0.7114550509009445, "emis_tot": 0.45901282803067184, "ener_tot": 2.748579808566898, "idis_tot": 0.0, "pdih_tot": null, "pele_tot": 0.021080335586689952, "pgas_tot": null, "tdis_tot": 0.7143727812957569, "time_rat": 3.798658550574035e-05}