{"cost_tot": 0.6959401806725573, "emis_tot": 0.4488584340576566, "ener_tot": 2.687775054237466, "idis_tot": 0.0, "pdih_tot": null, "pele_tot": 0.021416195198845786, "pgas_tot": null, "tdis_tot": 3.325435459385035, "time_rat": 3.885933074843946e-05}