{"cost_tot": 0.6613792498203107, "emis_tot": 0.43111844651362, "ener_tot": 2.5815475839138906, "idis_tot": 0.0, "pdih_tot": null, "pele_tot": 0.021385598191789246, "pgas_tot": null, "tdis_tot": 21.92312033567638, "time_rat": 3.722864484030103e-05}