{"cost_tot": 0.3132592891415766, "emis_tot": 0.225356550373729, "ener_tot": 1.3494404213995748, "idis_tot": 0.0, "pdih_tot": null, "pele_tot": 0.02115794962320186, "pgas_tot": null, "tdis_tot": 6.861975263317254, "time_rat": 3.4515250217977655e-05}