{"cost_tot": 0.7104270384635386, "emis_tot": 0.45795810899655914, "ener_tot": 2.742264125727899, "idis_tot": 0.0, "pdih_tot": null, "pele_tot": 0.021080335586689952, "pgas_tot": null, "tdis_tot": 0.5320772388127163, "time_rat": 3.774475306272506e-05}