{"cost_tot": 0.7341962277742742, "emis_tot": 0.46768589747503764, "ener_tot": 2.8005143561379513, "idis_tot": 0.0, "pdih_tot": null, "pele_tot": 0.021170359442475042, "pgas_tot": null, "tdis_tot": 0.2883156269430335, "time_rat": 0.0001200452472561251}