{"cost_tot": 0.29074461782151967, "emis_tot": 0.20876533331963049, "ener_tot": 1.2500918162852115, "idis_tot": 0.0, "pdih_tot": null, "pele_tot": 0.02124860769015452, "pgas_tot": null, "tdis_tot": 5.6217262402084325, "time_rat": 0.00011845498311298866}