{"cost_tot": 0.7175882544547828, "emis_tot": 0.45881524806245866, "ener_tot": 2.747396694984781, "idis_tot": 0.0, "pdih_tot": null, "pele_tot": 0.021283162517541133, "pgas_tot": null, "tdis_tot": 1.0794353121550273, "time_rat": 0.00011687624391424591}