{"cost_tot": 0.27520285733224686, "emis_tot": 0.1974510087467944, "ener_tot": 1.1823413697412832, "idis_tot": 0.0, "pdih_tot": null, "pele_tot": 0.021197429277819677, "pgas_tot": null, "tdis_tot": 6.757846935457731, "time_rat": 0.00012012726257717797}