{"cost_tot": 0.2752149294194605, "emis_tot": 0.19641913566888042, "ener_tot": 1.1761624890352114, "idis_tot": 0.0, "pdih_tot": null, "pele_tot": 0.02104284342236319, "pgas_tot": null, "tdis_tot": 7.3464870362211965, "time_rat": 0.00012064431907323304}