{"cost_tot": 0.7491557579112498, "emis_tot": 0.4765400337708871, "ener_tot": 2.8535331363526164, "idis_tot": 0.0, "pdih_tot": null, "pele_tot": 0.021374353104796174, "pgas_tot": null, "tdis_tot": 0.8570245000876824, "time_rat": 0.00012817153283370235}