{"cost_tot": 0.7321589181025234, "emis_tot": 0.46568508958980326, "ener_tot": 2.7885334705976224, "idis_tot": 0.0, "pdih_tot": null, "pele_tot": 0.02146360752535477, "pgas_tot": null, "tdis_tot": 0.41270345504037353, "time_rat": 0.00011949775494122631}