{"cost_tot": 0.28855376238172914, "emis_tot": 0.20797393190404473, "ener_tot": 1.2453528856529623, "idis_tot": 0.0, "pdih_tot": null, "pele_tot": 0.021205143443347604, "pgas_tot": null, "tdis_tot": 6.732156954612031, "time_rat": 0.00011950028853283988}