{"cost_tot": 0.2890164413279621, "emis_tot": 0.20801860699010608, "ener_tot": 1.2456204011383594, "idis_tot": 0.0, "pdih_tot": null, "pele_tot": 0.022066525796024136, "pgas_tot": null, "tdis_tot": 6.267101901823743, "time_rat": 0.00012018178032819558}