{"cost_tot": 0.29359675844658645, "emis_tot": 0.21121400017183853, "ener_tot": 1.2647544920469365, "idis_tot": 0.0, "pdih_tot": null, "pele_tot": 0.02152564201396091, "pgas_tot": null, "tdis_tot": 5.425565761261673, "time_rat": 0.00012455482154138502}