{"cost_tot": 0.7216332213714121, "emis_tot": 0.45976547920981087, "ener_tot": 2.7530867018551546, "idis_tot": 0.0, "pdih_tot": null, "pele_tot": 0.021439511919039565, "pgas_tot": null, "tdis_tot": 1.6612548617039937, "time_rat": 0.0001211091745940466}