{"cost_tot": 0.2955072358260721, "emis_tot": 0.21302517627115444, "ener_tot": 1.275599857911104, "idis_tot": 0.0, "pdih_tot": null, "pele_tot": 0.022116848025551777, "pgas_tot": null, "tdis_tot": 5.818001728128201, "time_rat": 0.00012012504593089775}