{"cost_tot": 0.6789350162190915, "emis_tot": 0.43096537909115107, "ener_tot": 2.5806310125218617, "idis_tot": 0.0, "pdih_tot": null, "pele_tot": 0.021455687624455266, "pgas_tot": null, "tdis_tot": 15.105565702876161, "time_rat": 0.00011933844240884933}