{"cost_tot": 0.0, "emis_tot": 0.0, "ener_tot": 0.0, "idis_tot": 0.0, "pdih_tot": null, "pele_tot": 0.0, "pgas_tot": null, "tdis_tot": 1086.504715445362, "time_rat": 0.00011220820052904471}