{"cost_tot": 0.2956861723786697, "emis_tot": 0.21268883962553775, "ener_tot": 1.2735858660211836, "idis_tot": 0.0, "pdih_tot": null, "pele_tot": 0.02106232601917831, "pgas_tot": null, "tdis_tot": 5.569842917952352, "time_rat": 0.0001215097178069372}