{"cost_tot": 0.2976355205354776, "emis_tot": 0.21294014420132615, "ener_tot": 1.2750906838402754, "idis_tot": 0.0, "pdih_tot": null, "pele_tot": 0.0211185993598628, "pgas_tot": null, "tdis_tot": 6.118840651339722, "time_rat": 0.0001211758354117}