{"cost_tot": 0.30237680023056224, "emis_tot": 0.21756986851942295, "ener_tot": 1.3028135839486392, "idis_tot": 0.0, "pdih_tot": null, "pele_tot": 0.02121241204884917, "pgas_tot": null, "tdis_tot": 6.79059524457731, "time_rat": 0.00011959585563215628}