{"cost_tot": 0.7314631069480193, "emis_tot": 0.4653662981277464, "ener_tot": 2.7866245396871054, "idis_tot": 0.0, "pdih_tot": null, "pele_tot": 0.021394603964263164, "pgas_tot": null, "tdis_tot": 1.0146375567128734, "time_rat": 0.00012726000199715296}