{"cost_tot": 0.7033156963733077, "emis_tot": 0.44717521530784726, "ener_tot": 2.6776959000469907, "idis_tot": 0.0, "pdih_tot": null, "pele_tot": 0.021239908511147713, "pgas_tot": null, "tdis_tot": 3.7621857366459457, "time_rat": 0.0001265631610202411}