{"cost_tot": 0.3005503173841007, "emis_tot": 0.21520213320560566, "ener_tot": 1.2886355281772792, "idis_tot": 0.0, "pdih_tot": null, "pele_tot": 0.021186932012593473, "pgas_tot": null, "tdis_tot": 7.37672609107626, "time_rat": 0.0001173057036582755}