{"cost_tot": 0.7403096422986815, "emis_tot": 0.4713735353087111, "ener_tot": 2.8225960198126416, "idis_tot": 0.0, "pdih_tot": null, "pele_tot": 0.021008371483480413, "pgas_tot": null, "tdis_tot": 1.1721510748327997, "time_rat": 0.00011853446326558553}