{"cost_tot": 0.7329555059739487, "emis_tot": 0.467080157873245, "ener_tot": 2.7968871728936855, "idis_tot": 0.0, "pdih_tot": null, "pele_tot": 0.021280794991744616, "pgas_tot": null, "tdis_tot": 0.40677170003202245, "time_rat": 0.00012188833068918298}