{"cost_tot": 0.28642743580634694, "emis_tot": 0.20664757593327457, "ener_tot": 1.2374106343309852, "idis_tot": 0.0, "pdih_tot": null, "pele_tot": 0.021306432411604542, "pgas_tot": null, "tdis_tot": 5.065347282064521, "time_rat": 0.00012477765047045613}