{"cost_tot": 0.7274495872359278, "emis_tot": 0.4635614839558055, "ener_tot": 2.77581726919644, "idis_tot": 0.0, "pdih_tot": null, "pele_tot": 0.02108633161262792, "pgas_tot": null, "tdis_tot": 1.6084014825956228, "time_rat": 0.00012405321277953962}