{"cost_tot": 0.29131556015707577, "emis_tot": 0.21007191140584305, "ener_tot": 1.2579156371607356, "idis_tot": 0.0, "pdih_tot": null, "pele_tot": 0.021146286304673922, "pgas_tot": null, "tdis_tot": 5.9361370493839285, "time_rat": 0.0001208721937010528}