{"cost_tot": 0.27849178163638194, "emis_tot": 0.2011852828639173, "ener_tot": 1.204702292598306, "idis_tot": 0.0, "pdih_tot": null, "pele_tot": 0.02097268167971781, "pgas_tot": null, "tdis_tot": 5.580403698246248, "time_rat": 0.00012418095869992776}