{"cost_tot": 0.2481668643769815, "emis_tot": 0.17771636298578386, "ener_tot": 1.0641698382382263, "idis_tot": 0.0, "pdih_tot": null, "pele_tot": 0.02186643830858157, "pgas_tot": null, "tdis_tot": 36.10869514037894, "time_rat": 0.0001237467061432581}