{"cost_tot": 0.742885252723439, "emis_tot": 0.4718899335709901, "ener_tot": 2.825688224975989, "idis_tot": 0.0, "pdih_tot": null, "pele_tot": 0.02123504363352986, "pgas_tot": null, "tdis_tot": 0.9647761316544812, "time_rat": 0.00011887811360851167}