{"cost_tot": 0.2832246310074704, "emis_tot": 0.20363871469856462, "ener_tot": 1.2193935011890096, "idis_tot": 0.0, "pdih_tot": null, "pele_tot": 0.022119103935045802, "pgas_tot": null, "tdis_tot": 5.085419151135572, "time_rat": 0.00012088539226660653}