{"cost_tot": 0.7251270377192606, "emis_tot": 0.46142523615100567, "ener_tot": 2.7630253661736863, "idis_tot": 0.0, "pdih_tot": null, "pele_tot": 0.021144450677078774, "pgas_tot": null, "tdis_tot": 1.6400036328991456, "time_rat": 0.00012470366147460132}