{"cost_tot": 0.29371403348976943, "emis_tot": 0.2120330531576038, "ener_tot": 1.269659000943735, "idis_tot": 0.0, "pdih_tot": null, "pele_tot": 0.021246254613430476, "pgas_tot": null, "tdis_tot": 5.162358729905412, "time_rat": 0.0001181941455791867}