{"cost_tot": 0.7284883985685642, "emis_tot": 0.46357812025052525, "ener_tot": 2.7759168877276945, "idis_tot": 0.0, "pdih_tot": null, "pele_tot": 0.021377806817028753, "pgas_tot": null, "tdis_tot": 0.37137780421714606, "time_rat": 0.00012183548123748214}