{"cost_tot": 0.7159213425770871, "emis_tot": 0.4560122695539145, "ener_tot": 2.730612392538409, "idis_tot": 0.0, "pdih_tot": null, "pele_tot": 0.02095739015342671, "pgas_tot": null, "tdis_tot": 3.4876014940311966, "time_rat": 0.00012049111128641813}