{"cost_tot": 0.12859594301080401, "emis_tot": 0.08022147186098381, "ener_tot": 0.4803680949759506, "idis_tot": 0.0, "pdih_tot": null, "pele_tot": 0.02081495268133705, "pgas_tot": null, "tdis_tot": 1881.427092137111, "time_rat": 0.0001213148405785283}