{"cost_tot": 0.22580044369707444, "emis_tot": 0.15978751970877386, "ener_tot": 0.9568114952621191, "idis_tot": 0.0, "pdih_tot": null, "pele_tot": 0.021850705952290196, "pgas_tot": null, "tdis_tot": 68.26043602586132, "time_rat": 0.00012674399942317336}