{"cost_tot": 0.2972291430090751, "emis_tot": 0.21340847560911222, "ener_tot": 1.277895063527617, "idis_tot": 0.0, "pdih_tot": null, "pele_tot": 0.021337639522269858, "pgas_tot": null, "tdis_tot": 5.657292559841695, "time_rat": 0.00011981046310177555}