{"cost_tot": 0.7292151174268758, "emis_tot": 0.4648310894419252, "ener_tot": 2.7834196972570355, "idis_tot": 0.0, "pdih_tot": null, "pele_tot": 0.021143814462912084, "pgas_tot": null, "tdis_tot": 1.418262128739202, "time_rat": 0.0001189844227499432}