{"cost_tot": 0.7143830197183024, "emis_tot": 0.4556124992277886, "ener_tot": 2.728218558250231, "idis_tot": 0.0, "pdih_tot": null, "pele_tot": 0.021321891590479234, "pgas_tot": null, "tdis_tot": 1.1109996433362959, "time_rat": 0.0001196613304671787}