{
    "Time cost": 37.34730887413025,
    "Energy cost": 0.7860867546763061,
    "Thermal discomfort": 0
}