{
    "Time cost": 133.11907601356506,
    "Energy cost": 0.6955621334115514,
    "Thermal discomfort": 1.5258878332929053
}