{
    "Time cost": 38.211201906204224,
    "Energy cost": 0.35055050050284936,
    "Thermal discomfort": 5.7943850954613865
}