{
    "Time cost": 33.43026065826416,
    "Energy cost": 0.41253734329232083,
    "Thermal discomfort": 9.445893160232401
}