{
    "Time cost": 116.74111104011536,
    "Energy cost": 0.2882358578171694,
    "Thermal discomfort": 5.9851314127711275
}