{
    "Time cost": 31.413588523864746,
    "Energy cost": 0.908686190758176,
    "Thermal discomfort": 8.381692942513077
}